<configuration>

	<appender name="myConsoleAppender" class="ch.qos.logback.core.ConsoleAppender">
		<encoder>
			<pattern>%d{dd MMM yyyy - HH:mm:ss.SSS} [%thread] %-5level %logger{36} - %msg%n</pattern>
		</encoder>
	</appender>
	
	<appender name="myFileAppender" class="ch.qos.logback.core.FileAppender">
		<file>mylogfile.log</file>
		<append>true</append>
		<encoder>
			<pattern>%d{dd MMM yyyy - HH:mm:ss.SSS} [%thread] %-5level %logger{36} - %msg%n</pattern>
		</encoder>
	</appender>

	<!-- Here I configure my Logger itself. 
	By default, logback makes use of what is known as the root logger, so that is the one we will make use of -->
	<root level="INFO">
		<!-- We need to configure what appenders our logger should be using -->
		<appender-ref ref="myConsoleAppender" />
		<appender-ref ref="myFileAppender" />
	</root>
	
</configuration>